id,yq_session_id,planet_a_id,planet_b_id,score,recorded_at,created_at,updated_at,strategy,strategy_bin,duration
03454b96-556e-4e0e-86c6-5e8d9811351b,yq-msgs9wqj,9b716075-3e92-4797-abea-3bbbecf5401f,e7e1b143-1f2f-4fb9-9213-a75fb2347d71,66,2026-08-06 00:36:17.282164+00,2026-08-06 00:36:17.282164+00,2026-08-06 00:36:23.693889+00,"Looking at each other, thing & NO muscle artefact.",mutual_gaze,6.6
05047056-be71-4655-b5aa-18d139159d63,yq-msgrtwl6,9b716075-3e92-4797-abea-3bbbecf5401f,b0ecf64b-150b-4c94-b38c-bd07248d174c,4,2026-08-06 00:26:10.25598+00,2026-08-06 00:26:10.25598+00,2026-08-06 00:26:53.361403+00,Close eyes and thinking about the best possible strategy.,closed_eye_stillness,0.4
09c77cd2-1fe0-4420-9dec-762d6821b673,yq-msguemqu,4561bba0-a106-4e74-b14d-66d9bafe5d63,91aaa99c-e838-4642-8c36-fa5337a2fbb0,22,2026-08-06 01:35:54.892125+00,2026-08-06 01:35:54.892125+00,2026-08-06 01:36:03.02048+00,Listening to the video news beat and marking it with hands,rhythmic_motor_sync,2.2
0f3cd15d-68e5-47f3-82a9-d7d9838235ae,yq-msgr0t32,979813fb-678b-4d41-80da-63122f45d852,2c853b78-735e-4a6d-b88b-01abe6e93849,37,2026-08-06 00:05:52.088509+00,2026-08-06 00:05:52.088509+00,2026-08-06 00:06:34.238523+00,Idiosyncratically,shared_mental_content,3.7
10bb7e31-9229-4dd1-a5fc-ec794c893533,yq-msguwtc8,b0ed296f-2933-4bed-a2d1-3ff009740cff,6b41a36a-61f6-4379-99b1-de937acd5028,55,2026-08-06 01:51:35.950276+00,2026-08-06 01:51:35.950276+00,2026-08-06 01:51:35.950276+00,,,5.5
193817ec-0ca5-4ff4-9a42-046471243967,yq-msgrmbfr,390e3ead-55f4-411a-8805-e6ed1e019ecf,f5e683ec-e42a-4da5-8149-7595fdff2969,63,2026-08-06 00:21:12.04073+00,2026-08-06 00:21:12.04073+00,2026-08-06 00:21:18.641033+00,Silently thinking about our secret lab crush.,shared_mental_content,6.3
21f1e85e-b440-46d7-a849-0cb1e293cd8a,yq-msgs0t0q,9dba486a-dd30-4730-9d33-473e751a3427,502516fc-1a75-4b76-9811-f340e4b62ecd,55,2026-08-06 00:29:37.496127+00,2026-08-06 00:29:37.496127+00,2026-08-06 00:30:08.287938+00,"Thinking of the same animal silently, while looking at each other.",mutual_gaze,5.5
2679748c-bc82-4167-9300-5edd18505239,yq-msgseyte,547f97ab-6f68-4e57-a70c-73e3ccadf77f,d8a52b7b-139f-42a9-9dd3-50dfd71a0c97,33,2026-08-06 00:41:32.5597+00,2026-08-06 00:41:32.5597+00,2026-08-06 00:43:14.376895+00,Thinking of the same tree at our office.,shared_mental_content,3.3
2799f73a-0b91-4bae-b92c-94b579e2960d,yq-msgv2skq,38e15883-78ec-44af-b154-bddd1823cd21,02535f85-c621-4425-88d0-e5dcaef2dd72,72,2026-08-06 01:53:56.313031+00,2026-08-06 01:53:56.313031+00,2026-08-06 01:53:56.313031+00,,,7.2
29fc9b6a-2866-4f92-9e50-42392ccd4639,yq-msgv533o,698c379f-15ff-4bd5-b01b-e8f30d376a7f,26db6aec-3773-4689-ad8e-fe753d2140c6,35,2026-08-06 01:56:47.59838+00,2026-08-06 01:56:47.59838+00,2026-08-06 01:56:47.59838+00,,,3.5
31822766-50cf-4628-b48e-643b0cb19172,yq-msgp8kze,1d7948c1-ca88-4e6c-ada6-87bfa9a80bb2,38e15883-78ec-44af-b154-bddd1823cd21,28,2026-08-05 23:11:09.698504+00,2026-08-05 23:11:09.698504+00,2026-08-05 23:11:40.068983+00,"Recitating the alphabet at the same time, in our heads.",internal_sequencing_auditory,2.8
33b0aa8b-e2f3-4bda-b5cc-6c4b70ed5886,yq-msgt9k4y,acebc8e1-473c-43f2-8a48-e889386458b6,18052aec-8210-4d32-b74d-34b2887eee8e,55,2026-08-06 01:04:58.494439+00,2026-08-06 01:04:58.494439+00,2026-08-06 01:05:06.572174+00,Sustaining the same vizual stimulus (same start).,shared_mental_content,5.5
3de77b66-03dc-47b6-93d3-a2cc6ee7c584,yq-msgvnpwr,eb8e1ec5-c4b5-4aea-a773-e162b50794e0,4c2c1a0f-6004-4e24-8804-86bb506496f9,76,2026-08-06 02:10:28.41095+00,2026-08-06 02:10:28.41095+00,2026-08-06 02:10:28.41095+00,,,7.6
43bbbb75-856d-4c89-866b-7182208fe863,yq-msgsxiht,219aee10-6f93-4498-9720-483724ade2a9,8483abfd-d0b8-469d-a2ef-1f43cf4c4e33,34,2026-08-06 00:57:40.25477+00,2026-08-06 00:57:40.25477+00,2026-08-06 00:57:47.506623+00,"Synchronized open/close eyes with hand holding, and tapping.",rhythmic_motor_sync,3.4
4605f9cd-c823-4d80-8ef2-78ba57768944,yq-msgw690z,d1bdbb29-5d74-4f9e-a18e-5306dbf70018,b333c53d-e5e1-4fdc-aea3-4f232e5992ee,32,2026-08-06 02:25:02.559175+00,2026-08-06 02:25:02.559175+00,2026-08-06 02:25:02.559175+00,,,3.2
4c2712f1-956b-4a93-94ca-849892f7ea3d,yq-msgtdglu,acebc8e1-473c-43f2-8a48-e889386458b6,18052aec-8210-4d32-b74d-34b2887eee8e,31,2026-08-06 01:06:34.146048+00,2026-08-06 01:06:34.146048+00,2026-08-06 01:06:50.588021+00,Closed eyes and patiently waiting.,closed_eye_stillness,3.1
4fa32313-7dae-47ca-864d-a1fe64da55e5,yq-msgvuo2h,f968272f-572a-444a-93a5-29b22fd67b23,217a136e-4556-4d1a-afc0-8ec326975637,40,2026-08-06 02:16:16.658517+00,2026-08-06 02:16:16.658517+00,2026-08-06 02:16:16.658517+00,,,4
51919f4a-9950-4211-9597-55039e046908,yq-msgq44vd,c1e93e3c-123f-4e34-9ad4-56803cf74b67,015bef05-f5b2-4372-bcc5-ae18acc745d5,60,2026-08-05 23:36:10.02287+00,2026-08-05 23:36:10.02287+00,2026-08-05 23:39:14.479107+00,"Closed eyes, thinking of the same visual scene",shared_mental_content,6
51f46d8b-27a6-4996-86cb-22ba7bdb0bf4,yq-msgttt40,0edf6d52-3db2-45a1-8d95-dbf9a0f11d78,be4234a2-58eb-408e-b26f-bbc4e376415c,54,2026-08-06 01:19:05.030965+00,2026-08-06 01:19:05.030965+00,2026-08-06 01:19:14.468814+00,Eye closed and mysteries,closed_eye_stillness,5.4
52f030a6-d829-4f4b-92bb-550680b00e72,yq-msgtvt2i,61308c28-262e-4e34-a9b6-e1ae9d83d762,0edf6d52-3db2-45a1-8d95-dbf9a0f11d78,49,2026-08-06 01:20:32.560931+00,2026-08-06 01:20:32.560931+00,2026-08-06 01:20:51.860666+00,Mentally counting up even numbers.,internal_sequencing_auditory,4.9
5d053d87-bc54-4c73-9243-7b01c0254257,yq-msgth8ey,e85e2492-f660-493b-832e-1bf82a353d6a,bdbddb3f-5442-4789-b43e-30834b24aa73,48,2026-08-06 01:10:32.997141+00,2026-08-06 01:10:32.997141+00,2026-08-06 01:11:01.797502+00,Eye closed and listening to music.,closed_eye_stillness,4.8
5d406b4b-e04f-459d-bff9-1534fc4d2288,yq-msgw8rrn,826d2f21-9d06-4322-b30c-92b468d1f893,cc316112-9560-4275-99cd-b09045976f87,33,2026-08-06 02:26:35.168807+00,2026-08-06 02:26:35.168807+00,2026-08-06 02:26:35.168807+00,,,3.3
5d64da02-ad15-4d6d-8724-f19067c02640,yq-msgqhko2,d7eba46a-ef9a-47ba-9340-f76744fc4874,69bebc49-df4a-495f-9c03-f65830be7db2,47,2026-08-05 23:46:06.428479+00,2026-08-05 23:46:06.428479+00,2026-08-05 23:46:54.481729+00,Re-singing a drum-n-bass soung mentally while marking the rhythm with hands & feet,rhythmic_motor_sync,4.7
616bc79d-908a-4e8d-9d3a-cf1889c5a670,yq-msgphyy2,c26b749a-7579-48d9-96ab-132c42881b62,38e15883-78ec-44af-b154-bddd1823cd21,51,2026-08-05 23:17:49.805669+00,2026-08-05 23:17:49.805669+00,2026-08-05 23:17:58.4966+00,"Idiosyncratic, non-verbal, very comfortable stairing into the eye moment.",mutual_gaze,5.1
6571167b-a887-403a-819e-a1bcdc9a34c1,yq-msgtl1r9,e85e2492-f660-493b-832e-1bf82a353d6a,bdbddb3f-5442-4789-b43e-30834b24aa73,38,2026-08-06 01:12:09.377981+00,2026-08-06 01:12:09.377981+00,2026-08-06 01:12:19.418028+00,Gently dancing together.,rhythmic_motor_sync,3.8
79974e3b-597e-43b3-9ce3-c1ae6aef5612,yq-msgrh6cv,e9a07edb-120f-45fc-8325-465308537d68,84da5b48-204b-4dbb-80e9-91b05855ae02,59,2026-08-06 00:14:19.003113+00,2026-08-06 00:14:19.003113+00,2026-08-06 00:15:10.971265+00,trying the same strategy again,shared_mental_content,5.9
7a55dbff-1bd7-4610-9c56-641f27af615d,yq-msguqwnl,442e3d0d-6b4f-4abd-8d44-0848ad55ef25,813dc974-b4b8-4ad6-a337-299b895d478d,51,2026-08-06 01:46:30.291131+00,2026-08-06 01:46:30.291131+00,2026-08-06 01:46:30.291131+00,,,5.1
8995ca36-9230-4d40-a26d-20eb2d2fc552,yq-msgvslzo,e1932673-4457-4c7d-9648-f53291c5f1e6,1f605b57-745f-4c78-8e42-5a63bf601bfa,28,2026-08-06 02:14:07.031149+00,2026-08-06 02:14:07.031149+00,2026-08-06 02:14:07.031149+00,,,2.8
902ac0ad-0a1f-4702-b533-ae7aa3c8c761,yq-msguh758,4561bba0-a106-4e74-b14d-66d9bafe5d63,91aaa99c-e838-4642-8c36-fa5337a2fbb0,34,2026-08-06 01:36:52.297306+00,2026-08-06 01:36:52.297306+00,2026-08-06 01:37:31.338275+00,Holding hands connecting with each other with closed eyes,closed_eye_stillness,3.4
92a2bf3d-b668-4cf9-aceb-a39eeb29bb8a,yq-msgu8dct,984f45ae-55a5-4792-825a-c7f64ed33777,826d2f21-9d06-4322-b30c-92b468d1f893,85,2026-08-06 01:32:03.645007+00,2026-08-06 01:32:03.645007+00,2026-08-06 01:33:33.607804+00,Also singing a song in our head,internal_sequencing_auditory,8.5
94e37c3d-b76c-4255-90bd-e6cacb7855c4,yq-msguolbp,a15c481d-3128-42a2-a908-09837a62d52a,65fe4caa-d987-497f-bc0d-e23b66002bbd,15,2026-08-06 01:42:58.995883+00,2026-08-06 01:42:58.995883+00,2026-08-06 01:42:58.995883+00,,,1.5
95ec0a57-8811-4ee0-aa53-3f507afb1d5b,yq-msgr9ewo,cb5f4b43-a0c4-4659-8dcc-381efeff5b7f,979813fb-678b-4d41-80da-63122f45d852,34,2026-08-06 00:07:35.324271+00,2026-08-06 00:07:35.324271+00,2026-08-06 00:07:48.309853+00,Think of the same person,shared_mental_content,3.4
975142fa-5f80-42eb-8e9e-118d7608d4a6,yq-msgwbrb0,3b947887-2342-4704-aa5a-6639ee240cb3,d3691b55-d764-4889-87c5-476dc2ae54a4,46,2026-08-06 02:28:43.029997+00,2026-08-06 02:28:43.029997+00,2026-08-06 02:28:43.029997+00,,,4.6
a02289e7-e44c-4866-9e14-d98a1396b2c3,yq-msgpzfja,aada0927-2460-43f2-ad4c-414dd5101b7e,41289ab3-869e-4e72-9599-dfbfd323fa27,62,2026-08-05 23:32:19.756743+00,2026-08-05 23:32:19.756743+00,2026-08-05 23:32:57.484202+00,"Counting up together, alternating",internal_sequencing_auditory,6.2
ad5d81bd-0f53-43b9-bf11-58a2ea49328a,yq-msgtxp08,0edf6d52-3db2-45a1-8d95-dbf9a0f11d78,61308c28-262e-4e34-a9b6-e1ae9d83d762,39,2026-08-06 01:21:58.047726+00,2026-08-06 01:21:58.047726+00,2026-08-06 01:22:31.009445+00,Thinking about world models,shared_mental_content,3.9
ae556d78-737f-4c8d-8a26-2ba1142d2c5a,yq-msgpm1lk,02535f85-c621-4425-88d0-e5dcaef2dd72,38e15883-78ec-44af-b154-bddd1823cd21,56,2026-08-05 23:21:01.692826+00,2026-08-05 23:21:01.692826+00,2026-08-05 23:21:24.668461+00,"Long prep, then stairing into each other's eyes while vaguely thinking about music.",mutual_gaze,5.6
ae9bc0b5-5c38-461d-8414-a4cac7a5b1d0,yq-msgsm78f,d7dd6d81-da55-4561-adc3-5015eb6b8c41,43284aea-ee68-4071-bbd7-c8fc2c67c077,66,2026-08-06 00:48:42.203829+00,2026-08-06 00:48:42.203829+00,2026-08-06 00:49:22.294235+00,"Hand-holding, rythmic tapping of fingers on eachother hand paired with open/close eye.",rhythmic_motor_sync,6.6
b1de223b-4a0a-4742-9190-2482d0ea8b1a,yq-msgpqjly,acf23c6a-26b1-4d80-bda2-991ff074d21e,9e848ccd-168b-472e-a5c1-fc31d4fe7be7,35,2026-08-05 23:24:49.623916+00,2026-08-05 23:24:49.623916+00,2026-08-05 23:25:05.341533+00,Looking at each other lovingly.,mutual_gaze,3.5
c250d7e7-2068-4b44-a617-cf8010c1d23a,yq-msgujuvd,a15c481d-3128-42a2-a908-09837a62d52a,65fe4caa-d987-497f-bc0d-e23b66002bbd,28,2026-08-06 01:40:36.260673+00,2026-08-06 01:40:36.260673+00,2026-08-06 01:40:36.260673+00,,,2.8
c40f6811-0500-4579-a515-67d3c5a0df94,yq-msgw2m4r,dd179c5f-c52d-46c3-b1f7-f107d98c08a9,71567d4d-dab3-4985-8155-9ae70761f979,26,2026-08-06 02:22:43.643705+00,2026-08-06 02:22:43.643705+00,2026-08-06 02:22:43.643705+00,,,2.6
cd98137b-9038-4af2-97c8-f72e92d1845c,yq-msgva9ys,0f32b66e-5d50-43b8-bb92-2c50fe163e0a,d3691b55-d764-4889-87c5-476dc2ae54a4,30,2026-08-06 02:01:12.835354+00,2026-08-06 02:01:12.835354+00,2026-08-06 02:01:12.835354+00,,,3
dc57d50c-5a77-425f-b68d-f7940f411231,yq-msgs53c5,9dba486a-dd30-4730-9d33-473e751a3427,32086890-5668-4cf3-8b13-a7374fc5122c,64,2026-08-06 00:33:38.103704+00,2026-08-06 00:33:38.103704+00,2026-08-06 00:33:42.852123+00,Thinking of the top of the empire state building.,shared_mental_content,6.4
dcd7c641-021f-419c-8b92-44f7d89711c5,yq-msgrcuz0,e9a07edb-120f-45fc-8325-465308537d68,84da5b48-204b-4dbb-80e9-91b05855ae02,89,2026-08-06 00:10:48.880469+00,2026-08-06 00:10:48.880469+00,2026-08-06 00:10:54.247131+00,"Looking at the visual silently, and calmly",shared_mental_content,8.9
de887a52-b165-4d54-8c1f-d5ffd0226673,yq-msgqbii5,de029647-5389-4793-ac18-fdb160502a57,69bebc49-df4a-495f-9c03-f65830be7db2,41,2026-08-05 23:42:30.53649+00,2026-08-05 23:42:30.53649+00,2026-08-05 23:42:35.345452+00,Coordinated motor coordination with imaginary item (volley ball),rhythmic_motor_sync,4.1
e620315c-06a2-4550-af67-e9b4e121f9f3,yq-msgt4gq8,219aee10-6f93-4498-9720-483724ade2a9,8483abfd-d0b8-469d-a2ef-1f43cf4c4e33,63,2026-08-06 00:59:30.568897+00,2026-08-06 00:59:30.568897+00,2026-08-06 00:59:49.995757+00,Synchronized humming + and rythmic tapping.,rhythmic_motor_sync,6.3
e83fb093-7bf9-4371-817c-bb21328fb7af,yq-msgvjs1j,4c2c1a0f-6004-4e24-8804-86bb506496f9,eb8e1ec5-c4b5-4aea-a773-e162b50794e0,38,2026-08-06 02:08:58.172924+00,2026-08-06 02:08:58.172924+00,2026-08-06 02:08:58.172924+00,,,3.8
e89c87a3-53fa-4cc9-bdb3-8698acbeb3fa,yq-msgvejs5,14b99010-17f7-4457-a910-3630c747fb47,ae232a1d-2270-430d-abec-fb0096983090,52,2026-08-06 02:04:04.099426+00,2026-08-06 02:04:04.099426+00,2026-08-06 02:04:04.099426+00,,,5.2
e8f3c0af-e137-44e9-bcb9-4dce15557cfa,yq-msgpjxy8,02535f85-c621-4425-88d0-e5dcaef2dd72,c26b749a-7579-48d9-96ab-132c42881b62,36,2026-08-05 23:19:06.521834+00,2026-08-05 23:19:06.521834+00,2026-08-05 23:19:10.924969+00,Strong eye contact and thinking of the same person.,mutual_gaze,3.6
f240fbd9-bcc2-4ea9-abee-eb870e3e77d4,yq-msgpuff8,1d66e531-add1-4a9d-ba6e-9385d7e807fe,6ff4ce0d-6cae-485a-950a-9aa80c9fa64d,4,2026-08-05 23:28:01.971682+00,2026-08-05 23:28:01.971682+00,2026-08-05 23:28:01.971682+00,,,0.4
f42c77aa-fccf-4c12-98e3-c0ef0687bd07,yq-msguckim,826d2f21-9d06-4322-b30c-92b468d1f893,984f45ae-55a5-4792-825a-c7f64ed33777,33,2026-08-06 01:33:21.570127+00,2026-08-06 01:33:21.570127+00,2026-08-06 01:33:21.570127+00,,,3.3
f5126e66-5607-4c4f-acbf-1fc768507b2f,yq-msgu1unt,e85e2492-f660-493b-832e-1bf82a353d6a,b0ecf64b-150b-4c94-b38c-bd07248d174c,16,2026-08-06 01:25:42.632572+00,2026-08-06 01:25:42.632572+00,2026-08-06 01:26:01.779329+00,Listening to the same sound score (4x).,internal_sequencing_auditory,1.6
f731236d-9cfc-4b68-b2af-110489afb1e8,yq-msgqoglx,8c8d0369-85b9-4830-8ee8-3d4458a01cff,d5e61f66-5f38-40da-9a7f-221abaae0296,57,2026-08-05 23:51:32.919575+00,2026-08-05 23:51:32.919575+00,2026-08-05 23:52:52.622201+00,Patty-cake,rhythmic_motor_sync,5.7
f84b4525-8b2c-4ccf-ae0e-c2fe43ccbc77,yq-msgvxpni,b0ed296f-2933-4bed-a2d1-3ff009740cff,3d38c259-83fc-4d41-b575-d175cca70c76,30,2026-08-06 02:18:06.989131+00,2026-08-06 02:18:06.989131+00,2026-08-06 02:18:06.989131+00,,,3
f95f6019-6cd2-4d90-9a0b-cd859d2c6949,yq-msgpdons,e9a07edb-120f-45fc-8325-465308537d68,b8f74225-2d75-4cf3-8b94-8f095bf5f464,21,2026-08-05 23:14:47.939096+00,2026-08-05 23:14:47.939096+00,2026-08-05 23:14:53.31757+00,Synchronized sorta-non-verbal breathing exercise.,rhythmic_motor_sync,2.1
fadac1c8-7838-4493-b8ac-e764bdadb398,yq-msgtry9j,0edf6d52-3db2-45a1-8d95-dbf9a0f11d78,be4234a2-58eb-408e-b26f-bbc4e376415c,36,2026-08-06 01:17:44.465532+00,2026-08-06 01:17:44.465532+00,2026-08-06 01:17:58.676481+00,Eye close meditation.,closed_eye_stillness,3.6
fe91a142-eafd-471f-a736-f1c626d508bc,yq-msgodxn0,ca73ce10-e23c-4769-9a13-e9df7b6c061c,b07f3a15-8760-4c33-82e3-b5ea986ca8f8,61,2026-08-05 23:06:45.084143+00,2026-08-05 23:06:45.084143+00,2026-08-05 23:06:53.485558+00,Replaying a 120bpm sound in our heads,internal_sequencing_auditory,6.1
